res_id,res_respuesta,preguntas_preg_id,preguntas_encuesta_enc_cve
1,5,1,1
2,0,2,1
3,1,3,1
4,3,4,1
5,2,5,1
6,2,1,1
7,1,2,1
8,1,3,1
9,2,4,1
10,2,5,1
11,2,1,1
12,1,2,1
13,1,3,1
14,3,4,1
15,1,5,1
16,4,1,1
17,0,2,1
18,0,3,1
19,2,4,1
20,2,5,1
21,3,1,1
22,1,2,1
23,1,3,1
24,3,4,1
25,3,5,1
26,5,1,1
27,0,2,1
28,1,3,1
29,3,4,1
30,2,5,1
31,4,1,1
32,0,2,1
33,0,3,1
34,3,4,1
35,3,5,1
36,2,1,1
37,1,2,1
38,1,3,1
39,4,4,1
40,2,5,1
41,2,1,1
42,1,2,1
43,0,3,1
44,3,4,1
45,2,5,1
46,5,1,1
47,1,2,1
48,1,3,1
49,3,4,1
50,2,5,1
51,2,1,1
52,1,2,1
53,0,3,1
54,2,4,1
55,2,5,1
56,3,1,1
57,1,2,1
58,1,3,1
59,4,4,1
60,1,5,1
61,5,1,1
62,1,2,1
63,1,3,1
64,4,4,1
65,1,5,1
66,5,1,1
67,1,2,1
68,0,3,1
69,2,4,1
70,2,5,1
71,4,1,1
72,0,2,1
73,0,3,1
74,2,4,1
75,3,5,1
76,4,1,1
77,0,2,1
78,1,3,1
79,2,4,1
80,3,5,1
81,5,1,1
82,0,2,1
83,1,3,1
84,3,4,1
85,2,5,1
86,4,1,1
87,0,2,1
88,1,3,1
89,2,4,1
90,1,5,1
91,5,1,1
92,1,2,1
93,0,3,1
94,3,4,1
95,1,5,1
96,5,1,1
97,1,2,1
98,1,3,1
99,4,4,1
100,2,5,1
101,3,1,1
102,0,2,1
103,1,3,1
104,2,4,1
105,3,5,1
106,4,1,1
107,1,2,1
108,1,3,1
109,3,4,1
110,2,5,1
111,4,1,1
112,1,2,1
113,0,3,1
114,4,4,1
115,2,5,1
116,4,1,1
117,1,2,1
118,1,3,1
119,1,4,1
120,2,5,1
121,5,1,1
122,1,2,1
123,0,3,1
124,3,4,1
125,1,5,1
126,3,1,1
127,0,2,1
128,1,3,1
129,1,4,1
130,1,5,1
131,3,1,1
132,0,2,1
133,1,3,1
134,2,4,1
135,1,5,1
136,3,1,1
137,0,2,1
138,0,3,1
139,3,4,1
140,3,5,1
141,5,1,1
142,0,2,1
143,0,3,1
144,3,4,1
145,2,5,1
146,2,1,1
147,1,2,1
148,0,3,1
149,3,4,1
150,1,5,1
151,4,1,1
152,0,2,1
153,1,3,1
154,3,4,1
155,3,5,1
156,2,1,1
157,1,2,1
158,0,3,1
159,1,4,1
160,2,5,1
161,4,1,1
162,1,2,1
163,0,3,1
164,4,4,1
165,1,5,1
166,2,1,1
167,0,2,1
168,0,3,1
169,3,4,1
170,1,5,1
171,4,1,1
172,0,2,1
173,0,3,1
174,4,4,1
175,1,5,1
176,4,1,1
177,1,2,1
178,1,3,1
179,1,4,1
180,1,5,1
181,3,1,1
182,0,2,1
183,0,3,1
184,4,4,1
185,3,5,1
186,5,1,1
187,0,2,1
188,0,3,1
189,1,4,1
190,2,5,1
191,4,1,1
192,0,2,1
193,0,3,1
194,1,4,1
195,3,5,1
196,4,1,1
197,1,2,1
198,0,3,1
199,4,4,1
200,3,5,1
201,3,1,1
202,0,2,1
203,0,3,1
204,3,4,1
205,2,5,1
206,5,1,1
207,0,2,1
208,1,3,1
209,4,4,1
210,2,5,1
211,4,1,1
212,1,2,1
213,1,3,1
214,3,4,1
215,3,5,1
216,3,1,1
217,0,2,1
218,1,3,1
219,4,4,1
220,3,5,1
221,2,1,1
222,1,2,1
223,1,3,1
224,3,4,1
225,3,5,1
226,3,1,1
227,0,2,1
228,0,3,1
229,4,4,1
230,1,5,1
231,2,1,1
232,0,2,1
233,0,3,1
234,3,4,1
235,2,5,1
236,2,1,1
237,0,2,1
238,0,3,1
239,3,4,1
240,3,5,1
241,5,1,1
242,0,2,1
243,0,3,1
244,3,4,1
245,2,5,1
246,5,1,1
247,1,2,1
248,1,3,1
249,3,4,1
250,1,5,1
251,2,1,1
252,1,2,1
253,1,3,1
254,2,4,1
255,3,5,1
256,3,1,1
257,0,2,1
258,0,3,1
259,2,4,1
260,1,5,1
261,4,1,1
262,0,2,1
263,1,3,1
264,3,4,1
265,3,5,1
266,4,1,1
267,0,2,1
268,1,3,1
269,2,4,1
270,3,5,1
271,5,1,1
272,0,2,1
273,1,3,1
274,1,4,1
275,3,5,1
276,3,1,1
277,1,2,1
278,1,3,1
279,2,4,1
280,2,5,1
281,4,1,1
282,1,2,1
283,0,3,1
284,4,4,1
285,3,5,1
286,2,1,1
287,0,2,1
288,0,3,1
289,1,4,1
290,2,5,1
291,4,1,1
292,0,2,1
293,1,3,1
294,3,4,1
295,3,5,1
296,2,1,1
297,0,2,1
298,0,3,1
299,4,4,1
300,3,5,1
301,3,1,1
302,1,2,1
303,0,3,1
304,4,4,1
305,1,5,1
306,5,1,1
307,1,2,1
308,0,3,1
309,2,4,1
310,2,5,1
311,2,1,1
312,1,2,1
313,1,3,1
314,1,4,1
315,1,5,1
316,5,1,1
317,0,2,1
318,1,3,1
319,3,4,1
320,2,5,1
321,2,1,1
322,1,2,1
323,0,3,1
324,2,4,1
325,2,5,1
326,2,1,1
327,0,2,1
328,0,3,1
329,1,4,1
330,1,5,1
331,5,1,1
332,0,2,1
333,1,3,1
334,1,4,1
335,2,5,1
336,5,1,1
337,1,2,1
338,0,3,1
339,3,4,1
340,2,5,1
341,4,1,1
342,0,2,1
343,1,3,1
344,1,4,1
345,3,5,1
346,3,1,1
347,0,2,1
348,0,3,1
349,1,4,1
350,2,5,1
351,4,1,1
352,1,2,1
353,0,3,1
354,1,4,1
355,2,5,1
356,2,1,1
357,1,2,1
358,0,3,1
359,1,4,1
360,2,5,1
361,4,1,1
362,1,2,1
363,0,3,1
364,3,4,1
365,2,5,1
366,2,1,1
367,1,2,1
368,1,3,1
369,2,4,1
370,3,5,1
371,2,1,1
372,1,2,1
373,1,3,1
374,1,4,1
375,2,5,1
376,3,1,1
377,0,2,1
378,1,3,1
379,4,4,1
380,3,5,1
381,5,1,1
382,1,2,1
383,0,3,1
384,3,4,1
385,1,5,1
386,3,1,1
387,0,2,1
388,0,3,1
389,3,4,1
390,3,5,1
391,5,1,1
392,0,2,1
393,1,3,1
394,1,4,1
395,1,5,1
396,5,1,1
397,0,2,1
398,0,3,1
399,3,4,1
400,3,5,1
401,2,1,1
402,0,2,1
403,1,3,1
404,1,4,1
405,2,5,1
406,3,1,1
407,1,2,1
408,0,3,1
409,2,4,1
410,3,5,1
411,4,1,1
412,0,2,1
413,1,3,1
414,3,4,1
415,1,5,1
416,3,1,1
417,0,2,1
418,1,3,1
419,2,4,1
420,1,5,1
421,4,1,1
422,1,2,1
423,0,3,1
424,2,4,1
425,3,5,1
426,5,1,1
427,1,2,1
428,1,3,1
429,1,4,1
430,1,5,1
431,2,1,1
432,0,2,1
433,0,3,1
434,1,4,1
435,1,5,1
436,3,1,1
437,1,2,1
438,1,3,1
439,1,4,1
440,1,5,1
441,5,1,1
442,0,2,1
443,0,3,1
444,4,4,1
445,3,5,1
446,2,1,1
447,1,2,1
448,0,3,1
449,4,4,1
450,2,5,1
451,2,1,1
452,0,2,1
453,1,3,1
454,2,4,1
455,3,5,1
456,3,1,1
457,1,2,1
458,1,3,1
459,1,4,1
460,3,5,1
461,3,1,1
462,1,2,1
463,1,3,1
464,3,4,1
465,3,5,1
466,3,1,1
467,1,2,1
468,1,3,1
469,2,4,1
470,3,5,1
471,4,1,1
472,1,2,1
473,0,3,1
474,3,4,1
475,1,5,1
476,2,1,1
477,1,2,1
478,1,3,1
479,1,4,1
480,2,5,1
481,4,1,1
482,1,2,1
483,0,3,1
484,1,4,1
485,1,5,1
486,2,1,1
487,0,2,1
488,1,3,1
489,4,4,1
490,2,5,1
491,2,1,1
492,0,2,1
493,0,3,1
494,1,4,1
495,3,5,1
496,2,1,1
497,1,2,1
498,0,3,1
499,2,4,1
500,2,5,1
501,3,1,1
502,0,2,1
503,1,3,1
504,1,4,1
505,3,5,1
506,4,1,1
507,1,2,1
508,0,3,1
509,4,4,1
510,2,5,1
511,3,1,1
512,1,2,1
513,1,3,1
514,3,4,1
515,1,5,1
516,3,1,1
517,1,2,1
518,0,3,1
519,4,4,1
520,1,5,1
521,3,1,1
522,0,2,1
523,0,3,1
524,4,4,1
525,3,5,1
526,5,1,1
527,1,2,1
528,1,3,1
529,1,4,1
530,2,5,1
531,5,1,1
532,1,2,1
533,1,3,1
534,3,4,1
535,1,5,1
536,2,1,1
537,0,2,1
538,0,3,1
539,2,4,1
540,3,5,1
541,3,1,1
542,0,2,1
543,0,3,1
544,4,4,1
545,3,5,1
546,4,1,1
547,1,2,1
548,0,3,1
549,2,4,1
550,2,5,1
551,2,1,1
552,1,2,1
553,0,3,1
554,4,4,1
555,2,5,1
556,3,1,1
557,0,2,1
558,0,3,1
559,1,4,1
560,2,5,1
561,3,1,1
562,1,2,1
563,0,3,1
564,4,4,1
565,3,5,1
566,3,1,1
567,0,2,1
568,1,3,1
569,2,4,1
570,3,5,1
571,3,1,1
572,1,2,1
573,1,3,1
574,4,4,1
575,3,5,1
576,4,1,1
577,0,2,1
578,0,3,1
579,1,4,1
580,1,5,1
581,4,1,1
582,0,2,1
583,1,3,1
584,1,4,1
585,2,5,1
586,5,1,1
587,0,2,1
588,0,3,1
589,1,4,1
590,3,5,1
591,2,1,1
592,1,2,1
593,0,3,1
594,3,4,1
595,2,5,1
596,5,1,1
597,0,2,1
598,1,3,1
599,3,4,1
600,3,5,1
601,3,1,1
602,0,2,1
603,0,3,1
604,1,4,1
605,2,5,1
606,5,1,1
607,0,2,1
608,0,3,1
609,2,4,1
610,1,5,1
611,3,1,1
612,0,2,1
613,0,3,1
614,3,4,1
615,1,5,1
616,4,1,1
617,1,2,1
618,0,3,1
619,2,4,1
620,3,5,1
621,4,1,1
622,1,2,1
623,1,3,1
624,3,4,1
625,3,5,1
626,4,1,1
627,0,2,1
628,1,3,1
629,3,4,1
630,3,5,1
631,3,1,1
632,1,2,1
633,0,3,1
634,2,4,1
635,1,5,1
636,2,1,1
637,1,2,1
638,0,3,1
639,1,4,1
640,2,5,1
641,4,1,1
642,1,2,1
643,0,3,1
644,4,4,1
645,1,5,1
646,5,1,1
647,1,2,1
648,0,3,1
649,1,4,1
650,1,5,1
651,5,1,1
652,0,2,1
653,1,3,1
654,1,4,1
655,1,5,1
656,5,1,1
657,0,2,1
658,1,3,1
659,2,4,1
660,3,5,1
661,2,1,1
662,1,2,1
663,1,3,1
664,4,4,1
665,2,5,1
666,3,1,1
667,1,2,1
668,0,3,1
669,4,4,1
670,3,5,1
671,5,1,1
672,0,2,1
673,1,3,1
674,3,4,1
675,1,5,1
676,2,1,1
677,1,2,1
678,1,3,1
679,2,4,1
680,3,5,1
681,2,1,1
682,1,2,1
683,0,3,1
684,2,4,1
685,2,5,1
686,5,1,1
687,0,2,1
688,1,3,1
689,4,4,1
690,2,5,1
691,4,1,1
692,1,2,1
693,1,3,1
694,1,4,1
695,3,5,1
696,3,1,1
697,0,2,1
698,0,3,1
699,2,4,1
700,3,5,1
701,3,1,1
702,0,2,1
703,1,3,1
704,2,4,1
705,2,5,1
706,2,1,1
707,0,2,1
708,0,3,1
709,2,4,1
710,3,5,1
711,3,1,1
712,1,2,1
713,1,3,1
714,2,4,1
715,1,5,1
716,2,1,1
717,0,2,1
718,0,3,1
719,4,4,1
720,1,5,1
721,2,1,1
722,0,2,1
723,1,3,1
724,4,4,1
725,3,5,1
726,4,1,1
727,0,2,1
728,0,3,1
729,1,4,1
730,1,5,1
731,2,1,1
732,1,2,1
733,1,3,1
734,2,4,1
735,2,5,1
736,4,1,1
737,0,2,1
738,0,3,1
739,4,4,1
740,2,5,1
741,4,1,1
742,1,2,1
743,1,3,1
744,4,4,1
745,2,5,1
746,5,1,1
747,0,2,1
748,0,3,1
749,3,4,1
750,1,5,1
751,5,1,1
752,1,2,1
753,1,3,1
754,3,4,1
755,2,5,1
756,4,1,1
757,1,2,1
758,1,3,1
759,2,4,1
760,2,5,1
761,5,1,1
762,1,2,1
763,0,3,1
764,4,4,1
765,2,5,1
766,4,1,1
767,0,2,1
768,1,3,1
769,4,4,1
770,1,5,1
771,3,1,1
772,0,2,1
773,1,3,1
774,2,4,1
775,3,5,1
776,4,1,1
777,1,2,1
778,1,3,1
779,2,4,1
780,1,5,1
781,2,1,1
782,1,2,1
783,0,3,1
784,2,4,1
785,1,5,1
786,5,1,1
787,1,2,1
788,1,3,1
789,1,4,1
790,2,5,1
791,3,1,1
792,0,2,1
793,0,3,1
794,3,4,1
795,2,5,1
796,5,1,1
797,0,2,1
798,0,3,1
799,3,4,1
800,3,5,1
801,4,1,1
802,0,2,1
803,0,3,1
804,3,4,1
805,3,5,1
806,5,1,1
807,1,2,1
808,0,3,1
809,1,4,1
810,3,5,1
811,2,1,1
812,0,2,1
813,0,3,1
814,4,4,1
815,3,5,1
816,5,1,1
817,0,2,1
818,1,3,1
819,3,4,1
820,2,5,1
821,5,1,1
822,1,2,1
823,1,3,1
824,1,4,1
825,2,5,1
826,2,1,1
827,1,2,1
828,1,3,1
829,4,4,1
830,3,5,1
831,4,1,1
832,0,2,1
833,0,3,1
834,3,4,1
835,2,5,1
836,3,1,1
837,0,2,1
838,1,3,1
839,2,4,1
840,2,5,1
841,2,1,1
842,0,2,1
843,1,3,1
844,4,4,1
845,1,5,1
846,4,1,1
847,1,2,1
848,1,3,1
849,3,4,1
850,3,5,1
851,2,1,1
852,0,2,1
853,1,3,1
854,3,4,1
855,1,5,1
856,4,1,1
857,0,2,1
858,0,3,1
859,2,4,1
860,1,5,1
861,4,1,1
862,0,2,1
863,0,3,1
864,3,4,1
865,2,5,1
866,3,1,1
867,0,2,1
868,0,3,1
869,4,4,1
870,1,5,1
871,3,1,1
872,1,2,1
873,0,3,1
874,4,4,1
875,2,5,1
876,3,1,1
877,0,2,1
878,1,3,1
879,4,4,1
880,1,5,1
881,4,1,1
882,1,2,1
883,1,3,1
884,1,4,1
885,2,5,1
886,2,1,1
887,0,2,1
888,0,3,1
889,3,4,1
890,2,5,1
891,5,1,1
892,1,2,1
893,0,3,1
894,3,4,1
895,3,5,1
896,3,1,1
897,1,2,1
898,0,3,1
899,2,4,1
900,2,5,1
901,3,1,1
902,1,2,1
903,1,3,1
904,2,4,1
905,3,5,1
906,3,1,1
907,0,2,1
908,1,3,1
909,3,4,1
910,1,5,1
911,2,1,1
912,1,2,1
913,1,3,1
914,3,4,1
915,2,5,1
916,2,1,1
917,0,2,1
918,0,3,1
919,2,4,1
920,1,5,1
921,5,1,1
922,1,2,1
923,0,3,1
924,2,4,1
925,3,5,1
926,3,1,1
927,1,2,1
928,1,3,1
929,3,4,1
930,2,5,1
931,4,1,1
932,1,2,1
933,1,3,1
934,1,4,1
935,1,5,1
936,4,1,1
937,1,2,1
938,1,3,1
939,2,4,1
940,1,5,1
941,2,1,1
942,1,2,1
943,0,3,1
944,3,4,1
945,1,5,1
946,5,1,1
947,0,2,1
948,0,3,1
949,4,4,1
950,1,5,1
951,5,1,1
952,1,2,1
953,1,3,1
954,1,4,1
955,3,5,1
956,2,1,1
957,0,2,1
958,0,3,1
959,1,4,1
960,3,5,1
961,4,1,1
962,0,2,1
963,1,3,1
964,3,4,1
965,3,5,1
966,4,1,1
967,1,2,1
968,0,3,1
969,2,4,1
970,3,5,1
971,4,1,1
972,1,2,1
973,1,3,1
974,4,4,1
975,1,5,1
976,2,1,1
977,0,2,1
978,1,3,1
979,3,4,1
980,3,5,1
981,4,1,1
982,0,2,1
983,1,3,1
984,3,4,1
985,2,5,1
986,2,1,1
987,1,2,1
988,0,3,1
989,1,4,1
990,1,5,1
991,2,1,1
992,1,2,1
993,0,3,1
994,3,4,1
995,3,5,1
996,2,1,1
997,1,2,1
998,0,3,1
999,3,4,1
1000,2,5,1
1001,5,1,1
1002,1,2,1
1003,1,3,1
1004,2,4,1
1005,2,5,1
1006,4,1,1
1007,0,2,1
1008,1,3,1
1009,2,4,1
1010,2,5,1
1011,4,1,1
1012,0,2,1
1013,1,3,1
1014,2,4,1
1015,2,5,1
1016,3,1,1
1017,0,2,1
1018,0,3,1
1019,4,4,1
1020,1,5,1
1021,5,1,1
1022,1,2,1
1023,1,3,1
1024,4,4,1
1025,2,5,1
1026,4,1,1
1027,0,2,1
1028,1,3,1
1029,1,4,1
1030,1,5,1
1031,2,1,1
1032,0,2,1
1033,1,3,1
1034,2,4,1
1035,3,5,1
1036,5,1,1
1037,1,2,1
1038,1,3,1
1039,4,4,1
1040,2,5,1
1041,4,1,1
1042,0,2,1
1043,0,3,1
1044,4,4,1
1045,1,5,1
1046,5,1,1
1047,0,2,1
1048,1,3,1
1049,4,4,1
1050,1,5,1
1051,4,1,1
1052,1,2,1
1053,1,3,1
1054,3,4,1
1055,3,5,1
1056,2,1,1
1057,1,2,1
1058,0,3,1
1059,1,4,1
1060,2,5,1
1061,5,1,1
1062,0,2,1
1063,0,3,1
1064,1,4,1
1065,1,5,1
1066,2,1,1
1067,0,2,1
1068,0,3,1
1069,4,4,1
1070,1,5,1
1071,5,1,1
1072,1,2,1
1073,0,3,1
1074,4,4,1
1075,3,5,1
1076,5,1,1
1077,0,2,1
1078,1,3,1
1079,3,4,1
1080,1,5,1
1081,5,1,1
1082,0,2,1
1083,1,3,1
1084,4,4,1
1085,2,5,1
1086,5,1,1
1087,0,2,1
1088,0,3,1
1089,1,4,1
1090,3,5,1
1091,5,1,1
1092,0,2,1
1093,1,3,1
1094,4,4,1
1095,3,5,1
1096,3,1,1
1097,1,2,1
1098,1,3,1
1099,4,4,1
1100,2,5,1
1101,4,1,1
1102,0,2,1
1103,0,3,1
1104,1,4,1
1105,3,5,1
1106,2,1,1
1107,1,2,1
1108,0,3,1
1109,1,4,1
1110,2,5,1
1111,4,1,1
1112,1,2,1
1113,0,3,1
1114,2,4,1
1115,2,5,1
1116,2,1,1
1117,0,2,1
1118,0,3,1
1119,4,4,1
1120,2,5,1
1121,5,1,1
1122,1,2,1
1123,0,3,1
1124,4,4,1
1125,2,5,1
1126,2,1,1
1127,1,2,1
1128,0,3,1
1129,2,4,1
1130,1,5,1
1131,3,1,1
1132,0,2,1
1133,0,3,1
1134,3,4,1
1135,2,5,1
1136,4,1,1
1137,1,2,1
1138,0,3,1
1139,3,4,1
1140,2,5,1
1141,3,1,1
1142,1,2,1
1143,0,3,1
1144,3,4,1
1145,1,5,1
1146,2,1,1
1147,1,2,1
1148,0,3,1
1149,4,4,1
1150,3,5,1
1151,2,1,1
1152,0,2,1
1153,0,3,1
1154,4,4,1
1155,3,5,1
1156,3,1,1
1157,0,2,1
1158,0,3,1
1159,3,4,1
1160,2,5,1
1161,5,1,1
1162,1,2,1
1163,0,3,1
1164,2,4,1
1165,2,5,1
1166,5,1,1
1167,0,2,1
1168,0,3,1
1169,2,4,1
1170,3,5,1
1171,4,1,1
1172,1,2,1
1173,1,3,1
1174,3,4,1
1175,2,5,1
1176,4,1,1
1177,0,2,1
1178,0,3,1
1179,4,4,1
1180,1,5,1
1181,5,1,1
1182,1,2,1
1183,1,3,1
1184,2,4,1
1185,1,5,1
1186,3,1,1
1187,1,2,1
1188,0,3,1
1189,4,4,1
1190,2,5,1
1191,5,1,1
1192,0,2,1
1193,0,3,1
1194,1,4,1
1195,1,5,1
1196,3,1,1
1197,1,2,1
1198,1,3,1
1199,2,4,1
1200,3,5,1
1201,4,1,1
1202,0,2,1
1203,0,3,1
1204,3,4,1
1205,2,5,1
1206,3,1,1
1207,1,2,1
1208,1,3,1
1209,2,4,1
1210,2,5,1
1211,4,1,1
1212,0,2,1
1213,0,3,1
1214,1,4,1
1215,1,5,1
1216,5,1,1
1217,1,2,1
1218,0,3,1
1219,4,4,1
1220,2,5,1
1221,5,1,1
1222,1,2,1
1223,0,3,1
1224,2,4,1
1225,1,5,1
1226,5,1,1
1227,1,2,1
1228,0,3,1
1229,4,4,1
1230,2,5,1
1231,4,1,1
1232,0,2,1
1233,0,3,1
1234,3,4,1
1235,1,5,1
1236,4,1,1
1237,0,2,1
1238,0,3,1
1239,2,4,1
1240,1,5,1
1241,5,1,1
1242,0,2,1
1243,1,3,1
1244,3,4,1
1245,3,5,1
1246,4,1,1
1247,0,2,1
1248,0,3,1
1249,1,4,1
1250,2,5,1
1251,2,1,1
1252,0,2,1
1253,0,3,1
1254,4,4,1
1255,1,5,1
1256,4,1,1
1257,0,2,1
1258,1,3,1
1259,1,4,1
1260,2,5,1
1261,3,1,1
1262,1,2,1
1263,1,3,1
1264,4,4,1
1265,1,5,1
1266,2,1,1
1267,1,2,1
1268,0,3,1
1269,3,4,1
1270,1,5,1
1271,3,1,1
1272,0,2,1
1273,1,3,1
1274,2,4,1
1275,1,5,1
1276,2,1,1
1277,1,2,1
1278,1,3,1
1279,4,4,1
1280,3,5,1
1281,5,1,1
1282,1,2,1
1283,0,3,1
1284,4,4,1
1285,2,5,1
1286,5,1,1
1287,1,2,1
1288,1,3,1
1289,2,4,1
1290,2,5,1
1291,5,1,1
1292,1,2,1
1293,0,3,1
1294,2,4,1
1295,1,5,1
1296,5,1,1
1297,1,2,1
1298,1,3,1
1299,4,4,1
1300,1,5,1
1301,4,1,1
1302,0,2,1
1303,1,3,1
1304,3,4,1
1305,1,5,1
1306,4,1,1
1307,1,2,1
1308,0,3,1
1309,2,4,1
1310,1,5,1
1311,2,1,1
1312,1,2,1
1313,1,3,1
1314,2,4,1
1315,2,5,1
1316,2,1,1
1317,1,2,1
1318,1,3,1
1319,4,4,1
1320,3,5,1
1321,2,1,1
1322,0,2,1
1323,0,3,1
1324,4,4,1
1325,1,5,1
1326,3,1,1
1327,1,2,1
1328,1,3,1
1329,3,4,1
1330,1,5,1
1331,4,1,1
1332,1,2,1
1333,1,3,1
1334,4,4,1
1335,2,5,1
1336,4,1,1
1337,1,2,1
1338,1,3,1
1339,3,4,1
1340,1,5,1
1341,3,1,1
1342,1,2,1
1343,0,3,1
1344,4,4,1
1345,3,5,1
1346,5,1,1
1347,0,2,1
1348,0,3,1
1349,2,4,1
1350,3,5,1
1351,5,1,1
1352,1,2,1
1353,1,3,1
1354,4,4,1
1355,3,5,1
1356,4,1,1
1357,1,2,1
1358,1,3,1
1359,1,4,1
1360,3,5,1
1361,3,1,1
1362,1,2,1
1363,1,3,1
1364,3,4,1
1365,3,5,1
1366,3,1,1
1367,0,2,1
1368,0,3,1
1369,4,4,1
1370,1,5,1
1371,4,1,1
1372,0,2,1
1373,0,3,1
1374,1,4,1
1375,3,5,1
1376,5,1,1
1377,1,2,1
1378,0,3,1
1379,4,4,1
1380,2,5,1
1381,4,1,1
1382,0,2,1
1383,0,3,1
1384,4,4,1
1385,3,5,1
1386,3,1,1
1387,0,2,1
1388,1,3,1
1389,4,4,1
1390,1,5,1
1391,4,1,1
1392,1,2,1
1393,0,3,1
1394,2,4,1
1395,2,5,1
1396,4,1,1
1397,1,2,1
1398,1,3,1
1399,3,4,1
1400,1,5,1
1401,3,1,1
1402,0,2,1
1403,1,3,1
1404,2,4,1
1405,3,5,1
1406,4,1,1
1407,0,2,1
1408,1,3,1
1409,3,4,1
1410,2,5,1
1411,3,1,1
1412,0,2,1
1413,1,3,1
1414,4,4,1
1415,2,5,1
1416,5,1,1
1417,1,2,1
1418,1,3,1
1419,4,4,1
1420,3,5,1
1421,5,1,1
1422,0,2,1
1423,1,3,1
1424,4,4,1
1425,3,5,1
1426,5,1,1
1427,1,2,1
1428,0,3,1
1429,4,4,1
1430,3,5,1
1431,2,1,1
1432,1,2,1
1433,0,3,1
1434,3,4,1
1435,3,5,1
1436,3,1,1
1437,0,2,1
1438,0,3,1
1439,1,4,1
1440,3,5,1
1441,4,1,1
1442,1,2,1
1443,0,3,1
1444,2,4,1
1445,2,5,1
1446,3,1,1
1447,1,2,1
1448,1,3,1
1449,2,4,1
1450,1,5,1
1451,4,1,1
1452,1,2,1
1453,1,3,1
1454,3,4,1
1455,1,5,1
1456,3,1,1
1457,1,2,1
1458,1,3,1
1459,3,4,1
1460,1,5,1
1461,4,1,1
1462,1,2,1
1463,0,3,1
1464,2,4,1
1465,3,5,1
1466,5,1,1
1467,0,2,1
1468,1,3,1
1469,2,4,1
1470,1,5,1
1471,5,1,1
1472,1,2,1
1473,1,3,1
1474,4,4,1
1475,1,5,1
1476,3,1,1
1477,0,2,1
1478,1,3,1
1479,3,4,1
1480,1,5,1
1481,4,1,1
1482,1,2,1
1483,0,3,1
1484,2,4,1
1485,1,5,1
1486,5,1,1
1487,1,2,1
1488,0,3,1
1489,3,4,1
1490,1,5,1
1491,4,1,1
1492,0,2,1
1493,0,3,1
1494,3,4,1
1495,1,5,1
1496,3,1,1
1497,1,2,1
1498,1,3,1
1499,4,4,1
1500,2,5,1
1501,2,1,1
1502,1,2,1
1503,0,3,1
1504,1,4,1
1505,2,5,1
1506,4,1,1
1507,0,2,1
1508,1,3,1
1509,4,4,1
1510,2,5,1
1511,4,1,1
1512,0,2,1
1513,1,3,1
1514,4,4,1
1515,1,5,1
1516,2,1,1
1517,1,2,1
1518,0,3,1
1519,3,4,1
1520,3,5,1
1521,3,1,1
1522,0,2,1
1523,1,3,1
1524,4,4,1
1525,3,5,1
1526,3,1,1
1527,1,2,1
1528,0,3,1
1529,4,4,1
1530,2,5,1
1531,5,1,1
1532,1,2,1
1533,1,3,1
1534,2,4,1
1535,3,5,1
1536,3,1,1
1537,1,2,1
1538,0,3,1
1539,3,4,1
1540,2,5,1
1541,2,1,1
1542,0,2,1
1543,0,3,1
1544,3,4,1
1545,2,5,1
1546,2,1,1
1547,1,2,1
1548,1,3,1
1549,1,4,1
1550,1,5,1
1551,3,1,1
1552,1,2,1
1553,0,3,1
1554,4,4,1
1555,1,5,1
1556,2,1,1
1557,1,2,1
1558,1,3,1
1559,3,4,1
1560,3,5,1
1561,4,1,1
1562,0,2,1
1563,0,3,1
1564,4,4,1
1565,3,5,1
1566,2,1,1
1567,1,2,1
1568,0,3,1
1569,4,4,1
1570,2,5,1
1571,5,1,1
1572,0,2,1
1573,0,3,1
1574,1,4,1
1575,2,5,1
1576,4,1,1
1577,0,2,1
1578,0,3,1
1579,3,4,1
1580,1,5,1
1581,4,1,1
1582,1,2,1
1583,0,3,1
1584,2,4,1
1585,2,5,1
1586,5,1,1
1587,1,2,1
1588,1,3,1
1589,2,4,1
1590,1,5,1
1591,2,1,1
1592,1,2,1
1593,0,3,1
1594,1,4,1
1595,1,5,1
1596,2,1,1
1597,1,2,1
1598,1,3,1
1599,3,4,1
1600,3,5,1
1601,3,1,1
1602,1,2,1
1603,0,3,1
1604,2,4,1
1605,2,5,1
1606,3,1,1
1607,0,2,1
1608,0,3,1
1609,3,4,1
1610,2,5,1
1611,5,1,1
1612,0,2,1
1613,1,3,1
1614,1,4,1
1615,3,5,1
1616,3,1,1
1617,0,2,1
1618,1,3,1
1619,4,4,1
1620,2,5,1
1621,3,1,1
1622,0,2,1
1623,0,3,1
1624,1,4,1
1625,2,5,1
1626,2,1,1
1627,1,2,1
1628,1,3,1
1629,2,4,1
1630,1,5,1
1631,2,1,1
1632,1,2,1
1633,0,3,1
1634,2,4,1
1635,1,5,1
1636,4,1,1
1637,1,2,1
1638,0,3,1
1639,2,4,1
1640,1,5,1
1641,2,1,1
1642,0,2,1
1643,0,3,1
1644,4,4,1
1645,1,5,1
1646,3,1,1
1647,0,2,1
1648,1,3,1
1649,3,4,1
1650,2,5,1
1651,5,1,1
1652,1,2,1
1653,0,3,1
1654,3,4,1
1655,1,5,1
1656,2,1,1
1657,1,2,1
1658,0,3,1
1659,4,4,1
1660,1,5,1
1661,5,1,1
1662,0,2,1
1663,0,3,1
1664,1,4,1
1665,3,5,1
1666,4,1,1
1667,0,2,1
1668,1,3,1
1669,4,4,1
1670,2,5,1
1671,2,1,1
1672,0,2,1
1673,1,3,1
1674,3,4,1
1675,1,5,1
1676,2,1,1
1677,0,2,1
1678,0,3,1
1679,1,4,1
1680,2,5,1
1681,3,1,1
1682,1,2,1
1683,1,3,1
1684,4,4,1
1685,1,5,1
1686,5,1,1
1687,0,2,1
1688,0,3,1
1689,3,4,1
1690,3,5,1
1691,4,1,1
1692,0,2,1
1693,0,3,1
1694,2,4,1
1695,3,5,1
1696,4,1,1
1697,1,2,1
1698,1,3,1
1699,4,4,1
1700,2,5,1
1701,5,1,1
1702,1,2,1
1703,1,3,1
1704,4,4,1
1705,1,5,1
1706,2,1,1
1707,1,2,1
1708,1,3,1
1709,4,4,1
1710,2,5,1
1711,2,1,1
1712,1,2,1
1713,1,3,1
1714,2,4,1
1715,3,5,1
1716,4,1,1
1717,0,2,1
1718,0,3,1
1719,2,4,1
1720,3,5,1
1721,4,1,1
1722,1,2,1
1723,1,3,1
1724,4,4,1
1725,3,5,1
1726,5,1,1
1727,0,2,1
1728,1,3,1
1729,1,4,1
1730,2,5,1
1731,3,1,1
1732,0,2,1
1733,0,3,1
1734,1,4,1
1735,1,5,1
1736,3,1,1
1737,0,2,1
1738,0,3,1
1739,2,4,1
1740,1,5,1
1741,2,1,1
1742,0,2,1
1743,0,3,1
1744,1,4,1
1745,1,5,1
1746,5,1,1
1747,1,2,1
1748,1,3,1
1749,1,4,1
1750,1,5,1
1751,3,1,1
1752,1,2,1
1753,1,3,1
1754,1,4,1
1755,2,5,1
1756,3,1,1
1757,1,2,1
1758,1,3,1
1759,2,4,1
1760,1,5,1
1761,2,1,1
1762,0,2,1
1763,0,3,1
1764,3,4,1
1765,1,5,1
1766,4,1,1
1767,1,2,1
1768,0,3,1
1769,2,4,1
1770,3,5,1
1771,2,1,1
1772,1,2,1
1773,1,3,1
1774,1,4,1
1775,2,5,1
1776,3,1,1
1777,1,2,1
1778,0,3,1
1779,4,4,1
1780,3,5,1
1781,3,1,1
1782,1,2,1
1783,0,3,1
1784,2,4,1
1785,2,5,1
1786,2,1,1
1787,1,2,1
1788,1,3,1
1789,3,4,1
1790,3,5,1
1791,5,1,1
1792,1,2,1
1793,0,3,1
1794,3,4,1
1795,1,5,1
1796,4,1,1
1797,1,2,1
1798,0,3,1
1799,3,4,1
1800,2,5,1
1801,5,1,1
1802,0,2,1
1803,0,3,1
1804,3,4,1
1805,2,5,1
1806,4,1,1
1807,1,2,1
1808,1,3,1
1809,4,4,1
1810,2,5,1
1811,4,1,1
1812,0,2,1
1813,0,3,1
1814,2,4,1
1815,2,5,1
1816,4,1,1
1817,1,2,1
1818,1,3,1
1819,2,4,1
1820,1,5,1
1821,3,1,1
1822,0,2,1
1823,0,3,1
1824,2,4,1
1825,2,5,1
1826,4,1,1
1827,1,2,1
1828,1,3,1
1829,3,4,1
1830,2,5,1
1831,3,1,1
1832,1,2,1
1833,1,3,1
1834,2,4,1
1835,2,5,1
1836,4,1,1
1837,0,2,1
1838,1,3,1
1839,1,4,1
1840,2,5,1
1841,3,1,1
1842,1,2,1
1843,0,3,1
1844,3,4,1
1845,1,5,1
1846,3,1,1
1847,0,2,1
1848,1,3,1
1849,4,4,1
1850,3,5,1
1851,2,1,1
1852,0,2,1
1853,0,3,1
1854,3,4,1
1855,3,5,1
1856,5,1,1
1857,1,2,1
1858,0,3,1
1859,4,4,1
1860,1,5,1
1861,3,1,1
1862,1,2,1
1863,1,3,1
1864,4,4,1
1865,1,5,1
1866,3,1,1
1867,1,2,1
1868,1,3,1
1869,2,4,1
1870,2,5,1
1871,5,1,1
1872,0,2,1
1873,0,3,1
1874,3,4,1
1875,1,5,1
1876,5,1,1
1877,0,2,1
1878,0,3,1
1879,2,4,1
1880,3,5,1
1881,5,1,1
1882,0,2,1
1883,1,3,1
1884,2,4,1
1885,1,5,1
1886,4,1,1
1887,1,2,1
1888,0,3,1
1889,4,4,1
1890,3,5,1
1891,2,1,1
1892,0,2,1
1893,1,3,1
1894,4,4,1
1895,3,5,1
1896,3,1,1
1897,0,2,1
1898,0,3,1
1899,1,4,1
1900,1,5,1
1901,5,1,1
1902,1,2,1
1903,1,3,1
1904,4,4,1
1905,2,5,1
1906,2,1,1
1907,0,2,1
1908,0,3,1
1909,4,4,1
1910,2,5,1
1911,4,1,1
1912,0,2,1
1913,0,3,1
1914,4,4,1
1915,1,5,1
1916,5,1,1
1917,0,2,1
1918,1,3,1
1919,2,4,1
1920,3,5,1
1921,4,1,1
1922,0,2,1
1923,1,3,1
1924,4,4,1
1925,3,5,1
1926,3,1,1
1927,1,2,1
1928,0,3,1
1929,4,4,1
1930,3,5,1
1931,4,1,1
1932,1,2,1
1933,0,3,1
1934,4,4,1
1935,3,5,1
1936,3,1,1
1937,0,2,1
1938,0,3,1
1939,3,4,1
1940,3,5,1
1941,4,1,1
1942,0,2,1
1943,0,3,1
1944,1,4,1
1945,2,5,1
1946,5,1,1
1947,0,2,1
1948,1,3,1
1949,3,4,1
1950,2,5,1
1951,2,1,1
1952,1,2,1
1953,1,3,1
1954,2,4,1
1955,1,5,1
1956,4,1,1
1957,0,2,1
1958,1,3,1
1959,1,4,1
1960,1,5,1
1961,4,1,1
1962,1,2,1
1963,0,3,1
1964,3,4,1
1965,3,5,1
1966,5,1,1
1967,1,2,1
1968,0,3,1
1969,3,4,1
1970,3,5,1
1971,2,1,1
1972,0,2,1
1973,0,3,1
1974,4,4,1
1975,3,5,1
1976,4,1,1
1977,0,2,1
1978,0,3,1
1979,2,4,1
1980,1,5,1
1981,2,1,1
1982,0,2,1
1983,0,3,1
1984,1,4,1
1985,2,5,1
1986,4,1,1
1987,1,2,1
1988,0,3,1
1989,3,4,1
1990,3,5,1
1991,2,1,1
1992,0,2,1
1993,1,3,1
1994,1,4,1
1995,1,5,1
1996,5,1,1
1997,1,2,1
1998,1,3,1
1999,3,4,1
2000,1,5,1
2001,5,1,1
2002,1,2,1
2003,0,3,1
2004,3,4,1
2005,1,5,1
2006,4,1,1
2007,0,2,1
2008,0,3,1
2009,1,4,1
2010,3,5,1
2011,4,1,1
2012,0,2,1
2013,0,3,1
2014,4,4,1
2015,3,5,1
2016,2,1,1
2017,1,2,1
2018,1,3,1
2019,3,4,1
2020,2,5,1
2021,2,1,1
2022,1,2,1
2023,1,3,1
2024,1,4,1
2025,1,5,1
2026,2,1,1
2027,0,2,1
2028,0,3,1
2029,4,4,1
2030,2,5,1
2031,2,1,1
2032,0,2,1
2033,1,3,1
2034,4,4,1
2035,1,5,1
2036,2,1,1
2037,1,2,1
2038,0,3,1
2039,1,4,1
2040,2,5,1
2041,2,1,1
2042,0,2,1
2043,0,3,1
2044,1,4,1
2045,3,5,1
2046,2,1,1
2047,0,2,1
2048,0,3,1
2049,2,4,1
2050,1,5,1
2051,4,1,1
2052,1,2,1
2053,1,3,1
2054,1,4,1
2055,2,5,1
2056,5,1,1
2057,1,2,1
2058,1,3,1
2059,1,4,1
2060,1,5,1
2061,5,1,1
2062,1,2,1
2063,0,3,1
2064,1,4,1
2065,1,5,1
2066,2,1,1
2067,0,2,1
2068,1,3,1
2069,3,4,1
2070,1,5,1
2071,4,1,1
2072,1,2,1
2073,0,3,1
2074,3,4,1
2075,1,5,1
2076,2,1,1
2077,0,2,1
2078,1,3,1
2079,4,4,1
2080,1,5,1
2081,3,1,1
2082,0,2,1
2083,1,3,1
2084,3,4,1
2085,2,5,1
2086,5,1,1
2087,1,2,1
2088,0,3,1
2089,2,4,1
2090,3,5,1
2091,2,1,1
2092,0,2,1
2093,1,3,1
2094,2,4,1
2095,2,5,1
2096,3,1,1
2097,1,2,1
2098,0,3,1
2099,3,4,1
2100,1,5,1
2101,3,1,1
2102,1,2,1
2103,0,3,1
2104,4,4,1
2105,2,5,1
2106,3,1,1
2107,0,2,1
2108,1,3,1
2109,2,4,1
2110,3,5,1
2111,4,1,1
2112,0,2,1
2113,1,3,1
2114,3,4,1
2115,3,5,1
2116,5,1,1
2117,0,2,1
2118,1,3,1
2119,4,4,1
2120,2,5,1
2121,4,1,1
2122,0,2,1
2123,0,3,1
2124,3,4,1
2125,1,5,1
2126,3,1,1
2127,0,2,1
2128,1,3,1
2129,1,4,1
2130,3,5,1
2131,4,1,1
2132,0,2,1
2133,1,3,1
2134,2,4,1
2135,2,5,1
2136,3,1,1
2137,0,2,1
2138,0,3,1
2139,2,4,1
2140,3,5,1
2141,2,1,1
2142,0,2,1
2143,0,3,1
2144,3,4,1
2145,1,5,1
2146,4,1,1
2147,0,2,1
2148,0,3,1
2149,3,4,1
2150,3,5,1
2151,2,1,1
2152,0,2,1
2153,1,3,1
2154,2,4,1
2155,2,5,1
2156,5,1,1
2157,1,2,1
2158,1,3,1
2159,3,4,1
2160,2,5,1
2161,3,1,1
2162,0,2,1
2163,0,3,1
2164,2,4,1
2165,3,5,1
2166,3,1,1
2167,0,2,1
2168,0,3,1
2169,1,4,1
2170,1,5,1
2171,4,1,1
2172,1,2,1
2173,0,3,1
2174,1,4,1
2175,1,5,1
2176,3,1,1
2177,1,2,1
2178,0,3,1
2179,2,4,1
2180,1,5,1
2181,2,1,1
2182,0,2,1
2183,0,3,1
2184,1,4,1
2185,3,5,1
2186,4,1,1
2187,1,2,1
2188,0,3,1
2189,4,4,1
2190,3,5,1
2191,5,1,1
2192,1,2,1
2193,0,3,1
2194,3,4,1
2195,3,5,1
2196,2,1,1
2197,1,2,1
2198,1,3,1
2199,3,4,1
2200,3,5,1
2201,3,1,1
2202,0,2,1
2203,1,3,1
2204,3,4,1
2205,1,5,1
2206,3,1,1
2207,0,2,1
2208,1,3,1
2209,4,4,1
2210,2,5,1
2211,5,1,1
2212,1,2,1
2213,1,3,1
2214,2,4,1
2215,2,5,1
2216,5,1,1
2217,0,2,1
2218,0,3,1
2219,3,4,1
2220,3,5,1
2221,4,1,1
2222,1,2,1
2223,0,3,1
2224,1,4,1
2225,3,5,1
2226,3,1,1
2227,0,2,1
2228,1,3,1
2229,4,4,1
2230,3,5,1
2231,2,1,1
2232,1,2,1
2233,0,3,1
2234,4,4,1
2235,3,5,1
2236,3,1,1
2237,1,2,1
2238,0,3,1
2239,4,4,1
2240,3,5,1
2241,2,1,1
2242,0,2,1
2243,0,3,1
2244,2,4,1
2245,2,5,1
2246,3,1,1
2247,0,2,1
2248,1,3,1
2249,1,4,1
2250,3,5,1
2251,2,1,1
2252,0,2,1
2253,1,3,1
2254,4,4,1
2255,3,5,1
2256,2,1,1
2257,0,2,1
2258,0,3,1
2259,3,4,1
2260,1,5,1
2261,2,1,1
2262,0,2,1
2263,1,3,1
2264,2,4,1
2265,3,5,1
2266,5,1,1
2267,1,2,1
2268,0,3,1
2269,4,4,1
2270,2,5,1
2271,3,1,1
2272,1,2,1
2273,1,3,1
2274,3,4,1
2275,2,5,1
2276,3,1,1
2277,1,2,1
2278,1,3,1
2279,3,4,1
2280,2,5,1
2281,5,1,1
2282,0,2,1
2283,0,3,1
2284,3,4,1
2285,2,5,1
2286,4,1,1
2287,1,2,1
2288,0,3,1
2289,2,4,1
2290,1,5,1
2291,4,1,1
2292,0,2,1
2293,0,3,1
2294,2,4,1
2295,1,5,1
2296,5,1,1
2297,0,2,1
2298,1,3,1
2299,2,4,1
2300,1,5,1
2301,4,1,1
2302,0,2,1
2303,0,3,1
2304,1,4,1
2305,1,5,1
2306,4,1,1
2307,1,2,1
2308,1,3,1
2309,3,4,1
2310,3,5,1
2311,3,1,1
2312,1,2,1
2313,0,3,1
2314,3,4,1
2315,1,5,1
2316,2,1,1
2317,1,2,1
2318,0,3,1
2319,1,4,1
2320,2,5,1
2321,5,1,1
2322,0,2,1
2323,1,3,1
2324,3,4,1
2325,1,5,1
2326,4,1,1
2327,1,2,1
2328,1,3,1
2329,1,4,1
2330,1,5,1
2331,5,1,1
2332,1,2,1
2333,1,3,1
2334,1,4,1
2335,1,5,1
2336,3,1,1
2337,0,2,1
2338,0,3,1
2339,1,4,1
2340,1,5,1
2341,2,1,1
2342,0,2,1
2343,0,3,1
2344,1,4,1
2345,2,5,1
2346,3,1,1
2347,1,2,1
2348,0,3,1
2349,3,4,1
2350,3,5,1
2351,5,1,1
2352,0,2,1
2353,0,3,1
2354,3,4,1
2355,3,5,1
2356,3,1,1
2357,1,2,1
2358,0,3,1
2359,3,4,1
2360,1,5,1
2361,5,1,1
2362,0,2,1
2363,1,3,1
2364,1,4,1
2365,3,5,1
2366,5,1,1
2367,1,2,1
2368,1,3,1
2369,1,4,1
2370,3,5,1
2371,4,1,1
2372,1,2,1
2373,1,3,1
2374,1,4,1
2375,2,5,1
2376,2,1,1
2377,0,2,1
2378,0,3,1
2379,3,4,1
2380,3,5,1
2381,3,1,1
2382,1,2,1
2383,0,3,1
2384,1,4,1
2385,1,5,1
2386,2,1,1
2387,1,2,1
2388,1,3,1
2389,3,4,1
2390,3,5,1
2391,2,1,1
2392,0,2,1
2393,0,3,1
2394,2,4,1
2395,3,5,1
2396,3,1,1
2397,0,2,1
2398,1,3,1
2399,1,4,1
2400,3,5,1
2401,5,1,1
2402,1,2,1
2403,1,3,1
2404,3,4,1
2405,2,5,1
2406,5,1,1
2407,0,2,1
2408,1,3,1
2409,3,4,1
2410,3,5,1
2411,5,1,1
2412,0,2,1
2413,1,3,1
2414,2,4,1
2415,3,5,1
2416,2,1,1
2417,1,2,1
2418,1,3,1
2419,1,4,1
2420,1,5,1
2421,3,1,1
2422,0,2,1
2423,1,3,1
2424,1,4,1
2425,1,5,1
2426,4,1,1
2427,0,2,1
2428,1,3,1
2429,4,4,1
2430,3,5,1
2431,5,1,1
2432,0,2,1
2433,0,3,1
2434,2,4,1
2435,1,5,1
2436,2,1,1
2437,1,2,1
2438,0,3,1
2439,3,4,1
2440,3,5,1
2441,4,1,1
2442,0,2,1
2443,1,3,1
2444,3,4,1
2445,2,5,1
2446,4,1,1
2447,1,2,1
2448,1,3,1
2449,2,4,1
2450,1,5,1
2451,3,1,1
2452,1,2,1
2453,1,3,1
2454,3,4,1
2455,2,5,1
2456,3,1,1
2457,0,2,1
2458,0,3,1
2459,3,4,1
2460,3,5,1
2461,4,1,1
2462,1,2,1
2463,1,3,1
2464,2,4,1
2465,3,5,1
2466,4,1,1
2467,0,2,1
2468,0,3,1
2469,1,4,1
2470,3,5,1
2471,3,1,1
2472,0,2,1
2473,1,3,1
2474,3,4,1
2475,3,5,1
2476,2,1,1
2477,1,2,1
2478,0,3,1
2479,1,4,1
2480,3,5,1
2481,5,1,1
2482,0,2,1
2483,0,3,1
2484,4,4,1
2485,3,5,1
2486,4,1,1
2487,0,2,1
2488,0,3,1
2489,1,4,1
2490,2,5,1
2491,5,1,1
2492,1,2,1
2493,0,3,1
2494,1,4,1
2495,3,5,1
2496,2,1,1
2497,0,2,1
2498,0,3,1
2499,4,4,1
2500,3,5,1
2501,3,1,1
2502,1,2,1
2503,1,3,1
2504,4,4,1
2505,3,5,1
2506,4,1,1
2507,0,2,1
2508,0,3,1
2509,4,4,1
2510,3,5,1
2511,4,1,1
2512,1,2,1
2513,0,3,1
2514,2,4,1
2515,2,5,1
2516,4,1,1
2517,1,2,1
2518,0,3,1
2519,4,4,1
2520,2,5,1
2521,4,1,1
2522,0,2,1
2523,0,3,1
2524,1,4,1
2525,2,5,1
2526,4,1,1
2527,1,2,1
2528,1,3,1
2529,3,4,1
2530,3,5,1
2531,3,1,1
2532,1,2,1
2533,1,3,1
2534,4,4,1
2535,2,5,1
2536,3,1,1
2537,1,2,1
2538,1,3,1
2539,2,4,1
2540,2,5,1
2541,2,1,1
2542,1,2,1
2543,1,3,1
2544,2,4,1
2545,2,5,1
2546,5,1,1
2547,1,2,1
2548,0,3,1
2549,2,4,1
2550,2,5,1
2551,2,1,1
2552,0,2,1
2553,0,3,1
2554,3,4,1
2555,1,5,1
2556,5,1,1
2557,0,2,1
2558,1,3,1
2559,3,4,1
2560,1,5,1
2561,5,1,1
2562,1,2,1
2563,0,3,1
2564,2,4,1
2565,3,5,1
2566,5,1,1
2567,0,2,1
2568,0,3,1
2569,1,4,1
2570,1,5,1
2571,3,1,1
2572,0,2,1
2573,0,3,1
2574,4,4,1
2575,1,5,1
2576,2,1,1
2577,1,2,1
2578,0,3,1
2579,2,4,1
2580,1,5,1
2581,5,1,1
2582,1,2,1
2583,0,3,1
2584,4,4,1
2585,2,5,1
2586,5,1,1
2587,0,2,1
2588,0,3,1
2589,4,4,1
2590,2,5,1
2591,3,1,1
2592,1,2,1
2593,0,3,1
2594,3,4,1
2595,3,5,1
2596,2,1,1
2597,1,2,1
2598,1,3,1
2599,2,4,1
2600,2,5,1
2601,4,1,1
2602,1,2,1
2603,1,3,1
2604,1,4,1
2605,2,5,1
2606,5,1,1
2607,0,2,1
2608,0,3,1
2609,4,4,1
2610,3,5,1
2611,3,1,1
2612,1,2,1
2613,1,3,1
2614,2,4,1
2615,2,5,1
2616,4,1,1
2617,0,2,1
2618,1,3,1
2619,4,4,1
2620,1,5,1
2621,3,1,1
2622,1,2,1
2623,0,3,1
2624,3,4,1
2625,3,5,1
2626,4,1,1
2627,1,2,1
2628,0,3,1
2629,4,4,1
2630,3,5,1
2631,2,1,1
2632,0,2,1
2633,0,3,1
2634,2,4,1
2635,3,5,1
2636,5,1,1
2637,0,2,1
2638,1,3,1
2639,1,4,1
2640,2,5,1
2641,4,1,1
2642,0,2,1
2643,0,3,1
2644,1,4,1
2645,3,5,1
2646,5,1,1
2647,1,2,1
2648,0,3,1
2649,4,4,1
2650,2,5,1
2651,5,1,1
2652,0,2,1
2653,1,3,1
2654,2,4,1
2655,1,5,1
2656,2,1,1
2657,1,2,1
2658,1,3,1
2659,3,4,1
2660,2,5,1
2661,3,1,1
2662,1,2,1
2663,1,3,1
2664,4,4,1
2665,1,5,1
2666,5,1,1
2667,0,2,1
2668,1,3,1
2669,2,4,1
2670,2,5,1
2671,2,1,1
2672,1,2,1
2673,1,3,1
2674,3,4,1
2675,3,5,1
2676,3,1,1
2677,0,2,1
2678,0,3,1
2679,3,4,1
2680,3,5,1
2681,3,1,1
2682,1,2,1
2683,1,3,1
2684,1,4,1
2685,3,5,1
2686,3,1,1
2687,1,2,1
2688,0,3,1
2689,4,4,1
2690,3,5,1
2691,2,1,1
2692,0,2,1
2693,0,3,1
2694,3,4,1
2695,1,5,1
2696,2,1,1
2697,1,2,1
2698,0,3,1
2699,3,4,1
2700,3,5,1
2701,2,1,1
2702,1,2,1
2703,1,3,1
2704,3,4,1
2705,1,5,1
2706,2,1,1
2707,0,2,1
2708,0,3,1
2709,1,4,1
2710,2,5,1
2711,4,1,1
2712,0,2,1
2713,0,3,1
2714,2,4,1
2715,3,5,1
2716,5,1,1
2717,1,2,1
2718,0,3,1
2719,1,4,1
2720,1,5,1
2721,5,1,1
2722,0,2,1
2723,1,3,1
2724,2,4,1
2725,1,5,1
2726,2,1,1
2727,0,2,1
2728,0,3,1
2729,2,4,1
2730,3,5,1
2731,2,1,1
2732,1,2,1
2733,1,3,1
2734,2,4,1
2735,1,5,1
2736,5,1,1
2737,0,2,1
2738,0,3,1
2739,3,4,1
2740,1,5,1
2741,4,1,1
2742,0,2,1
2743,0,3,1
2744,3,4,1
2745,2,5,1
2746,3,1,1
2747,1,2,1
2748,1,3,1
2749,3,4,1
2750,2,5,1
2751,4,1,1
2752,0,2,1
2753,1,3,1
2754,2,4,1
2755,3,5,1
2756,2,1,1
2757,1,2,1
2758,0,3,1
2759,1,4,1
2760,2,5,1
2761,2,1,1
2762,0,2,1
2763,0,3,1
2764,4,4,1
2765,3,5,1
2766,3,1,1
2767,0,2,1
2768,1,3,1
2769,2,4,1
2770,1,5,1
2771,4,1,1
2772,0,2,1
2773,1,3,1
2774,4,4,1
2775,3,5,1
2776,3,1,1
2777,1,2,1
2778,0,3,1
2779,2,4,1
2780,3,5,1
2781,5,1,1
2782,1,2,1
2783,1,3,1
2784,3,4,1
2785,2,5,1
2786,3,1,1
2787,0,2,1
2788,0,3,1
2789,4,4,1
2790,1,5,1
2791,5,1,1
2792,0,2,1
2793,1,3,1
2794,1,4,1
2795,2,5,1
2796,5,1,1
2797,0,2,1
2798,1,3,1
2799,1,4,1
2800,3,5,1
2801,5,1,1
2802,0,2,1
2803,0,3,1
2804,4,4,1
2805,3,5,1
2806,2,1,1
2807,1,2,1
2808,1,3,1
2809,4,4,1
2810,1,5,1
2811,2,1,1
2812,0,2,1
2813,0,3,1
2814,1,4,1
2815,1,5,1
2816,2,1,1
2817,1,2,1
2818,0,3,1
2819,2,4,1
2820,1,5,1
2821,5,1,1
2822,0,2,1
2823,0,3,1
2824,3,4,1
2825,3,5,1
2826,5,1,1
2827,0,2,1
2828,0,3,1
2829,4,4,1
2830,1,5,1
2831,5,1,1
2832,1,2,1
2833,0,3,1
2834,1,4,1
2835,3,5,1
2836,5,1,1
2837,1,2,1
2838,0,3,1
2839,4,4,1
2840,2,5,1
2841,2,1,1
2842,1,2,1
2843,1,3,1
2844,4,4,1
2845,3,5,1
2846,4,1,1
2847,1,2,1
2848,1,3,1
2849,3,4,1
2850,1,5,1
2851,5,1,1
2852,1,2,1
2853,0,3,1
2854,3,4,1
2855,3,5,1
2856,5,1,1
2857,1,2,1
2858,0,3,1
2859,3,4,1
2860,3,5,1
2861,4,1,1
2862,0,2,1
2863,1,3,1
2864,2,4,1
2865,1,5,1
2866,5,1,1
2867,0,2,1
2868,1,3,1
2869,4,4,1
2870,2,5,1
2871,2,1,1
2872,0,2,1
2873,1,3,1
2874,3,4,1
2875,3,5,1
2876,4,1,1
2877,1,2,1
2878,1,3,1
2879,1,4,1
2880,1,5,1
2881,4,1,1
2882,1,2,1
2883,1,3,1
2884,4,4,1
2885,1,5,1
2886,3,1,1
2887,1,2,1
2888,1,3,1
2889,4,4,1
2890,3,5,1
2891,5,1,1
2892,0,2,1
2893,0,3,1
2894,3,4,1
2895,2,5,1
2896,5,1,1
2897,1,2,1
2898,1,3,1
2899,4,4,1
2900,2,5,1
2901,2,1,1
2902,1,2,1
2903,0,3,1
2904,3,4,1
2905,3,5,1
2906,2,1,1
2907,1,2,1
2908,1,3,1
2909,1,4,1
2910,1,5,1
2911,4,1,1
2912,0,2,1
2913,0,3,1
2914,3,4,1
2915,2,5,1
2916,3,1,1
2917,1,2,1
2918,1,3,1
2919,4,4,1
2920,2,5,1
2921,3,1,1
2922,1,2,1
2923,0,3,1
2924,3,4,1
2925,1,5,1
2926,2,1,1
2927,0,2,1
2928,1,3,1
2929,1,4,1
2930,2,5,1
2931,2,1,1
2932,1,2,1
2933,1,3,1
2934,4,4,1
2935,2,5,1
2936,2,1,1
2937,0,2,1
2938,1,3,1
2939,1,4,1
2940,2,5,1
2941,4,1,1
2942,0,2,1
2943,0,3,1
2944,3,4,1
2945,1,5,1
2946,5,1,1
2947,0,2,1
2948,0,3,1
2949,3,4,1
2950,1,5,1
2951,2,1,1
2952,0,2,1
2953,1,3,1
2954,2,4,1
2955,2,5,1
2956,3,1,1
2957,1,2,1
2958,0,3,1
2959,4,4,1
2960,3,5,1
2961,3,1,1
2962,1,2,1
2963,1,3,1
2964,3,4,1
2965,3,5,1
2966,4,1,1
2967,0,2,1
2968,0,3,1
2969,2,4,1
2970,1,5,1
2971,3,1,1
2972,0,2,1
2973,0,3,1
2974,4,4,1
2975,2,5,1
2976,3,1,1
2977,1,2,1
2978,1,3,1
2979,1,4,1
2980,3,5,1
2981,4,1,1
2982,0,2,1
2983,1,3,1
2984,3,4,1
2985,2,5,1
2986,4,1,1
2987,0,2,1
2988,0,3,1
2989,1,4,1
2990,2,5,1
2991,5,1,1
2992,1,2,1
2993,0,3,1
2994,1,4,1
2995,1,5,1
2996,2,1,1
2997,0,2,1
2998,1,3,1
2999,2,4,1
3000,3,5,1
